{
  "Atelectasis": 0.3015030473330548,
  "Cardiomegaly": 0.8577375154257032,
  "Effusion": 0.24861956968860963,
  "Infiltration": 0.21138554882529179,
  "Mass": 0.5280467735059577,
  "Nodule": 0.5004003455737087,
  "Pneumonia": 1.264716941459449,
  "Pneumothorax": 0.5978867399750211,
  "Consolidation": 0.6408383735939162,
  "Edema": 0.9612575603908744,
  "Emphysema": 0.9557646600457836,
  "Fibrosis": 1.3353997246148672,
  "Pleural_Thickening": 0.7483615906398753,
  "Hernia": 4.848081608927888
}