{
  "model": "densenet121",
  "checkpoint": "checkpoints/densenet121/best_model.pth",
  "metrics": {
    "auroc_mean": 0.77704119506017,
    "auprc_mean": 0.36113198786084144,
    "f1_mean": 0.1370312064162626,
    "hamming_loss": 0.11784046507195273,
    "auroc_per_class": [
      0.729311540366518,
      0.849766943911095,
      0.7908464221892336,
      0.6711423578010804,
      0.7283370959219944,
      0.6668367837071905,
      0.6844126887605149,
      0.8485079390768013,
      0.719292833252414,
      0.8584813623876124,
      0.9103056481375065,
      0.7768550892487691,
      0.7617527533543756,
      0.8827272727272727
    ],
    "auprc_per_class": [
      0.42385509884657524,
      0.36250798938339046,
      0.5957721343306639,
      0.4549577584283832,
      0.344953764516721,
      0.25651039608102855,
      0.0959277428784002,
      0.43420395410845614,
      0.23052800869961865,
      0.2793121312991126,
      0.5761877074589726,
      0.2194890680223028,
      0.2408842173163459,
      0.5407578586818089
    ],
    "f1_per_class": [
      0.0,
      0.2972972972972973,
      0.07281001137656427,
      0.0,
      0.01038961038961039,
      0.03553299492385787,
      0.0,
      0.1447721179624665,
      0.0,
      0.22382671480144403,
      0.47384615384615386,
      0.036585365853658534,
      0.0,
      0.6233766233766234
    ]
  },
  "optimal_thresholds": [
    0.06430765241384506,
    0.2277127504348755,
    0.07317739725112915,
    0.04776280000805855,
    0.09554854780435562,
    0.07365989685058594,
    0.08678360283374786,
    0.06886226683855057,
    0.09367721527814865,
    0.2616157829761505,
    0.08742069453001022,
    0.14258837699890137,
    0.09449879080057144,
    0.5392839908599854
  ]
}