{
  "Atelectasis": {
    "num_fp": 0,
    "num_fn": 673,
    "num_tp": 0,
    "num_tn": 2325,
    "fp_rate": 0.0,
    "fn_rate": 0,
    "fp_examples": [],
    "fn_examples": [
      "00014626_009.png",
      "00006214_005.png",
      "00006277_000.png",
      "00016772_004.png",
      "00028784_003.png"
    ]
  },
  "Cardiomegaly": {
    "num_fp": 28,
    "num_fn": 128,
    "num_tp": 33,
    "num_tn": 2809,
    "fp_rate": 0.009967960128159488,
    "fn_rate": 3.878787878787879,
    "fp_examples": [
      "00021490_003.png",
      "00011619_000.png",
      "00020945_044.png",
      "00029349_000.png",
      "00013636_000.png"
    ],
    "fn_examples": [
      "00014626_009.png",
      "00018972_047.png",
      "00028027_000.png",
      "00026338_003.png",
      "00006720_007.png"
    ]
  },
  "Effusion": {
    "num_fp": 8,
    "num_fn": 807,
    "num_tp": 32,
    "num_tn": 2151,
    "fp_rate": 0.003719200371920037,
    "fn_rate": 25.21875,
    "fp_examples": [
      "00016797_003.png",
      "00025261_005.png",
      "00018175_031.png",
      "00017606_029.png",
      "00017618_034.png"
    ],
    "fn_examples": [
      "00014626_009.png",
      "00013003_015.png",
      "00006214_005.png",
      "00006277_000.png",
      "00025220_000.png"
    ]
  },
  "Infiltration": {
    "num_fp": 0,
    "num_fn": 900,
    "num_tp": 0,
    "num_tn": 2098,
    "fp_rate": 0.0,
    "fn_rate": 0,
    "fp_examples": [],
    "fn_examples": [
      "00026505_003.png",
      "00027565_000.png",
      "00020482_056.png",
      "00005808_001.png",
      "00016410_057.png"
    ]
  },
  "Mass": {
    "num_fp": 1,
    "num_fn": 380,
    "num_tp": 2,
    "num_tn": 2615,
    "fp_rate": 0.0003824091778202677,
    "fn_rate": 190.0,
    "fp_examples": [
      "00015410_000.png"
    ],
    "fn_examples": [
      "00017618_030.png",
      "00016772_004.png",
      "00016142_013.png",
      "00022785_000.png",
      "00028027_000.png"
    ]
  },
  "Nodule": {
    "num_fp": 5,
    "num_fn": 375,
    "num_tp": 7,
    "num_tn": 2611,
    "fp_rate": 0.0019149751053236309,
    "fn_rate": 53.57142857142857,
    "fp_examples": [
      "00025128_005.png",
      "00006182_000.png",
      "00014497_000.png",
      "00003737_001.png",
      "00011737_001.png"
    ],
    "fn_examples": [
      "00028170_000.png",
      "00004808_079.png",
      "00015395_000.png",
      "00018972_018.png",
      "00010203_000.png"
    ]
  },
  "Pneumonia": {
    "num_fp": 0,
    "num_fn": 138,
    "num_tp": 0,
    "num_tn": 2860,
    "fp_rate": 0.0,
    "fn_rate": 0,
    "fp_examples": [],
    "fn_examples": [
      "00003392_017.png",
      "00009600_007.png",
      "00015069_001.png",
      "00028642_001.png",
      "00021201_007.png"
    ]
  },
  "Pneumothorax": {
    "num_fp": 12,
    "num_fn": 307,
    "num_tp": 27,
    "num_tn": 2652,
    "fp_rate": 0.004524886877828055,
    "fn_rate": 11.37037037037037,
    "fp_examples": [
      "00025954_032.png",
      "00026132_012.png",
      "00021552_019.png",
      "00008911_003.png",
      "00026132_010.png"
    ],
    "fn_examples": [
      "00006605_022.png",
      "00010752_010.png",
      "00005962_025.png",
      "00003072_014.png",
      "00029863_002.png"
    ]
  },
  "Consolidation": {
    "num_fp": 0,
    "num_fn": 334,
    "num_tp": 0,
    "num_tn": 2664,
    "fp_rate": 0.0,
    "fn_rate": 0,
    "fp_examples": [],
    "fn_examples": [
      "00004808_012.png",
      "00001558_004.png",
      "00013594_018.png",
      "00029809_011.png",
      "00009727_045.png"
    ]
  },
  "Edema": {
    "num_fp": 64,
    "num_fn": 151,
    "num_tp": 31,
    "num_tn": 2752,
    "fp_rate": 0.023255813953488372,
    "fn_rate": 4.870967741935484,
    "fp_examples": [
      "00003028_026.png",
      "00001722_004.png",
      "00014203_041.png",
      "00003028_056.png",
      "00013968_009.png"
    ],
    "fn_examples": [
      "00019513_003.png",
      "00014465_009.png",
      "00025062_001.png",
      "00015895_008.png",
      "00014626_012.png"
    ]
  },
  "Emphysema": {
    "num_fp": 22,
    "num_fn": 149,
    "num_tp": 77,
    "num_tn": 2750,
    "fp_rate": 0.008,
    "fn_rate": 1.9350649350649352,
    "fp_examples": [
      "00016434_011.png",
      "00016410_037.png",
      "00019927_003.png",
      "00013310_045.png",
      "00029052_002.png"
    ],
    "fn_examples": [
      "00016410_056.png",
      "00028987_011.png",
      "00015386_002.png",
      "00004808_053.png",
      "00005746_007.png"
    ]
  },
  "Fibrosis": {
    "num_fp": 0,
    "num_fn": 158,
    "num_tp": 3,
    "num_tn": 2837,
    "fp_rate": 0.0,
    "fn_rate": 52.666666666666664,
    "fp_examples": [],
    "fn_examples": [
      "00015151_000.png",
      "00006011_001.png",
      "00018151_000.png",
      "00010001_003.png",
      "00016050_000.png"
    ]
  },
  "Pleural_Thickening": {
    "num_fp": 0,
    "num_fn": 277,
    "num_tp": 0,
    "num_tn": 2721,
    "fp_rate": 0.0,
    "fn_rate": 0,
    "fp_examples": [],
    "fn_examples": [
      "00014626_009.png",
      "00006277_000.png",
      "00017618_030.png",
      "00016142_013.png",
      "00029532_014.png"
    ]
  },
  "Hernia": {
    "num_fp": 3,
    "num_fn": 26,
    "num_tp": 24,
    "num_tn": 2945,
    "fp_rate": 0.0010186757215619694,
    "fn_rate": 1.0833333333333333,
    "fp_examples": [
      "00000422_007.png",
      "00029373_004.png",
      "00012094_054.png"
    ],
    "fn_examples": [
      "00030561_006.png",
      "00009368_008.png",
      "00009368_006.png",
      "00001900_028.png",
      "00012423_000.png"
    ]
  }
}