{
  "Atelectasis": {
    "num_fp": 0,
    "num_fn": 673,
    "num_tp": 0,
    "num_tn": 2325,
    "fp_rate": 0.0,
    "fn_rate": 0,
    "fp_examples": [],
    "fn_examples": [
      "00014626_009.png",
      "00006214_005.png",
      "00006277_000.png",
      "00016772_004.png",
      "00028784_003.png"
    ]
  },
  "Cardiomegaly": {
    "num_fp": 22,
    "num_fn": 133,
    "num_tp": 28,
    "num_tn": 2815,
    "fp_rate": 0.007815275310834813,
    "fn_rate": 4.75,
    "fp_examples": [
      "00002515_002.png",
      "00020008_000.png",
      "00006755_000.png",
      "00017944_010.png",
      "00004426_000.png"
    ],
    "fn_examples": [
      "00014626_009.png",
      "00018972_047.png",
      "00028027_000.png",
      "00026338_003.png",
      "00006720_007.png"
    ]
  },
  "Effusion": {
    "num_fp": 10,
    "num_fn": 789,
    "num_tp": 50,
    "num_tn": 2149,
    "fp_rate": 0.004653327128897162,
    "fn_rate": 15.78,
    "fp_examples": [
      "00016797_003.png",
      "00025261_005.png",
      "00017606_029.png",
      "00019124_047.png",
      "00017618_034.png"
    ],
    "fn_examples": [
      "00014626_009.png",
      "00013003_015.png",
      "00006214_005.png",
      "00006277_000.png",
      "00025220_000.png"
    ]
  },
  "Infiltration": {
    "num_fp": 0,
    "num_fn": 900,
    "num_tp": 0,
    "num_tn": 2098,
    "fp_rate": 0.0,
    "fn_rate": 0,
    "fp_examples": [],
    "fn_examples": [
      "00026505_003.png",
      "00027565_000.png",
      "00020482_056.png",
      "00005808_001.png",
      "00016410_057.png"
    ]
  },
  "Mass": {
    "num_fp": 2,
    "num_fn": 377,
    "num_tp": 5,
    "num_tn": 2614,
    "fp_rate": 0.0007651109410864575,
    "fn_rate": 75.4,
    "fp_examples": [
      "00006631_005.png",
      "00015410_000.png"
    ],
    "fn_examples": [
      "00017618_030.png",
      "00016772_004.png",
      "00016142_013.png",
      "00022785_000.png",
      "00028027_000.png"
    ]
  },
  "Nodule": {
    "num_fp": 5,
    "num_fn": 375,
    "num_tp": 7,
    "num_tn": 2611,
    "fp_rate": 0.0019149751053236309,
    "fn_rate": 53.57142857142857,
    "fp_examples": [
      "00013499_002.png",
      "00025128_005.png",
      "00006182_000.png",
      "00014497_000.png",
      "00003737_001.png"
    ],
    "fn_examples": [
      "00028170_000.png",
      "00004808_079.png",
      "00015395_000.png",
      "00018972_018.png",
      "00010203_000.png"
    ]
  },
  "Pneumonia": {
    "num_fp": 0,
    "num_fn": 138,
    "num_tp": 0,
    "num_tn": 2860,
    "fp_rate": 0.0,
    "fn_rate": 0,
    "fp_examples": [],
    "fn_examples": [
      "00003392_017.png",
      "00009600_007.png",
      "00015069_001.png",
      "00028642_001.png",
      "00021201_007.png"
    ]
  },
  "Pneumothorax": {
    "num_fp": 33,
    "num_fn": 286,
    "num_tp": 48,
    "num_tn": 2631,
    "fp_rate": 0.012542759407069556,
    "fn_rate": 5.958333333333333,
    "fp_examples": [
      "00025954_032.png",
      "00025954_027.png",
      "00014607_006.png",
      "00026132_012.png",
      "00021552_019.png"
    ],
    "fn_examples": [
      "00006605_022.png",
      "00010752_010.png",
      "00005962_025.png",
      "00003072_014.png",
      "00029863_002.png"
    ]
  },
  "Consolidation": {
    "num_fp": 0,
    "num_fn": 334,
    "num_tp": 0,
    "num_tn": 2664,
    "fp_rate": 0.0,
    "fn_rate": 0,
    "fp_examples": [],
    "fn_examples": [
      "00004808_012.png",
      "00001558_004.png",
      "00013594_018.png",
      "00029809_011.png",
      "00009727_045.png"
    ]
  },
  "Edema": {
    "num_fp": 21,
    "num_fn": 167,
    "num_tp": 15,
    "num_tn": 2795,
    "fp_rate": 0.0075134168157423974,
    "fn_rate": 11.133333333333333,
    "fp_examples": [
      "00023271_021.png",
      "00001722_004.png",
      "00017405_033.png",
      "00013616_027.png",
      "00012364_048.png"
    ],
    "fn_examples": [
      "00019513_003.png",
      "00014465_009.png",
      "00003392_017.png",
      "00025062_001.png",
      "00013594_038.png"
    ]
  },
  "Emphysema": {
    "num_fp": 44,
    "num_fn": 126,
    "num_tp": 100,
    "num_tn": 2728,
    "fp_rate": 0.016129032258064516,
    "fn_rate": 1.26,
    "fp_examples": [
      "00010384_011.png",
      "00005220_005.png",
      "00028837_007.png",
      "00006964_008.png",
      "00025954_027.png"
    ],
    "fn_examples": [
      "00016410_056.png",
      "00028987_011.png",
      "00015386_002.png",
      "00004808_053.png",
      "00002583_012.png"
    ]
  },
  "Fibrosis": {
    "num_fp": 18,
    "num_fn": 144,
    "num_tp": 17,
    "num_tn": 2819,
    "fp_rate": 0.006385242993969493,
    "fn_rate": 8.470588235294118,
    "fp_examples": [
      "00004168_010.png",
      "00001806_000.png",
      "00002649_018.png",
      "00005808_000.png",
      "00005605_000.png"
    ],
    "fn_examples": [
      "00006011_001.png",
      "00018151_000.png",
      "00010001_003.png",
      "00016050_000.png",
      "00017682_000.png"
    ]
  },
  "Pleural_Thickening": {
    "num_fp": 0,
    "num_fn": 277,
    "num_tp": 0,
    "num_tn": 2721,
    "fp_rate": 0.0,
    "fn_rate": 0,
    "fp_examples": [],
    "fn_examples": [
      "00014626_009.png",
      "00006277_000.png",
      "00017618_030.png",
      "00016142_013.png",
      "00029532_014.png"
    ]
  },
  "Hernia": {
    "num_fp": 9,
    "num_fn": 24,
    "num_tp": 26,
    "num_tn": 2939,
    "fp_rate": 0.003062266076896904,
    "fn_rate": 0.9230769230769231,
    "fp_examples": [
      "00016637_000.png",
      "00019271_002.png",
      "00012278_000.png",
      "00025220_000.png",
      "00029373_004.png"
    ],
    "fn_examples": [
      "00030561_006.png",
      "00009368_008.png",
      "00009368_006.png",
      "00001900_028.png",
      "00012423_000.png"
    ]
  }
}