{
  "model": "resnet50",
  "checkpoint": "checkpoints/resnet50/best_model.pth",
  "metrics": {
    "auroc_mean": 0.7809170521991219,
    "auprc_mean": 0.35906707042069536,
    "f1_mean": 0.1523280070649799,
    "hamming_loss": 0.11691127418278853,
    "auroc_per_class": [
      0.7371742638482802,
      0.8358886672782244,
      0.8022489222430593,
      0.6700900328355046,
      0.7169212418143683,
      0.6600591206750244,
      0.7006688963210703,
      0.8513659617701536,
      0.7161274298250345,
      0.8675133460289709,
      0.9206301319133178,
      0.7699783473488091,
      0.7579986918166898,
      0.9261736770691995
    ],
    "auprc_per_class": [
      0.4219741525192173,
      0.34014458347084947,
      0.6040751105552097,
      0.46108400241493797,
      0.3281021721978376,
      0.24929961373516207,
      0.10089695164559755,
      0.45505468474292127,
      0.23209896492776516,
      0.29709335244800605,
      0.5920841859006131,
      0.20359429446880678,
      0.23486911693751938,
      0.5065677999252914
    ],
    "f1_per_class": [
      0.0,
      0.26540284360189575,
      0.11123470522803114,
      0.0,
      0.02570694087403599,
      0.03553299492385787,
      0.0,
      0.23132530120481928,
      0.0,
      0.13761467889908258,
      0.5405405405405406,
      0.17346938775510204,
      0.0,
      0.611764705882353
    ]
  },
  "optimal_thresholds": [
    0.06573884189128876,
    0.18444415926933289,
    0.07788196206092834,
    0.040873486548662186,
    0.08701008558273315,
    0.08354394137859344,
    0.1175670176744461,
    0.13419866561889648,
    0.09525901824235916,
    0.1066652163863182,
    0.13482578098773956,
    0.27494046092033386,
    0.14344057440757751,
    0.4663238227367401
  ]
}