{
  "model": "resnet50_multiscale",
  "checkpoint": "checkpoints/resnet50_multiscale/best_model.pth",
  "metrics": {
    "auroc_mean": 0.7794636201365436,
    "auprc_mean": 0.364432218225296,
    "f1_mean": 0.15183767301495368,
    "hamming_loss": 0.11719717907176212,
    "auroc_per_class": [
      0.7402380610011345,
      0.8368585484185246,
      0.8030408507006455,
      0.6733304205063023,
      0.7157689490369374,
      0.6648654274140608,
      0.697306678828418,
      0.8501645357932783,
      0.7129727032421643,
      0.8578140609390608,
      0.9190067552899411,
      0.7578712532046581,
      0.7583270644021562,
      0.9249253731343283
    ],
    "auprc_per_class": [
      0.4276300157289147,
      0.3424731955762132,
      0.614737010960688,
      0.4619848152884808,
      0.3349714493558068,
      0.25584613565870884,
      0.09753943870442405,
      0.449657312346009,
      0.23733561533797565,
      0.29028582445662277,
      0.5802225140373322,
      0.17863558638944982,
      0.23379592674872865,
      0.5969362145647897
    ],
    "f1_per_class": [
      0.0,
      0.27102803738317754,
      0.1005586592178771,
      0.0,
      0.010416666666666666,
      0.030456852791878174,
      0.0,
      0.2877030162412993,
      0.0,
      0.25,
      0.5245901639344263,
      0.07954545454545454,
      0.0,
      0.5714285714285714
    ]
  },
  "optimal_thresholds": [
    0.0726899802684784,
    0.1986551582813263,
    0.07829272001981735,
    0.05516495555639267,
    0.11263582110404968,
    0.09233487397432327,
    0.1506187468767166,
    0.08587058633565903,
    0.09131249040365219,
    0.2042996883392334,
    0.19030828773975372,
    0.16856591403484344,
    0.11574769765138626,
    0.48256251215934753
  ]
}