{
  "Atelectasis": {
    "num_fp": 0,
    "num_fn": 673,
    "num_tp": 0,
    "num_tn": 2325,
    "fp_rate": 0.0,
    "fn_rate": 0,
    "fp_examples": [],
    "fn_examples": [
      "00014626_009.png",
      "00006214_005.png",
      "00006277_000.png",
      "00016772_004.png",
      "00028784_003.png"
    ]
  },
  "Cardiomegaly": {
    "num_fp": 24,
    "num_fn": 132,
    "num_tp": 29,
    "num_tn": 2813,
    "fp_rate": 0.008531816565943833,
    "fn_rate": 4.551724137931035,
    "fp_examples": [
      "00011619_000.png",
      "00006755_000.png",
      "00005814_002.png",
      "00017944_010.png",
      "00004426_000.png"
    ],
    "fn_examples": [
      "00014626_009.png",
      "00018972_047.png",
      "00028027_000.png",
      "00026338_003.png",
      "00006720_007.png"
    ]
  },
  "Effusion": {
    "num_fp": 11,
    "num_fn": 794,
    "num_tp": 45,
    "num_tn": 2148,
    "fp_rate": 0.005121042830540037,
    "fn_rate": 17.644444444444446,
    "fp_examples": [
      "00016797_003.png",
      "00025261_005.png",
      "00017618_034.png",
      "00017618_035.png",
      "00019373_024.png"
    ],
    "fn_examples": [
      "00014626_009.png",
      "00013003_015.png",
      "00006214_005.png",
      "00006277_000.png",
      "00025220_000.png"
    ]
  },
  "Infiltration": {
    "num_fp": 0,
    "num_fn": 900,
    "num_tp": 0,
    "num_tn": 2098,
    "fp_rate": 0.0,
    "fn_rate": 0,
    "fp_examples": [],
    "fn_examples": [
      "00026505_003.png",
      "00027565_000.png",
      "00020482_056.png",
      "00005808_001.png",
      "00016410_057.png"
    ]
  },
  "Mass": {
    "num_fp": 0,
    "num_fn": 380,
    "num_tp": 2,
    "num_tn": 2616,
    "fp_rate": 0.0,
    "fn_rate": 190.0,
    "fp_examples": [],
    "fn_examples": [
      "00017618_030.png",
      "00016772_004.png",
      "00016142_013.png",
      "00022785_000.png",
      "00028027_000.png"
    ]
  },
  "Nodule": {
    "num_fp": 6,
    "num_fn": 376,
    "num_tp": 6,
    "num_tn": 2610,
    "fp_rate": 0.0022988505747126436,
    "fn_rate": 62.666666666666664,
    "fp_examples": [
      "00015151_000.png",
      "00013499_002.png",
      "00025128_005.png",
      "00006182_000.png",
      "00014497_000.png"
    ],
    "fn_examples": [
      "00028170_000.png",
      "00004808_079.png",
      "00015395_000.png",
      "00018972_018.png",
      "00010203_000.png"
    ]
  },
  "Pneumonia": {
    "num_fp": 3,
    "num_fn": 138,
    "num_tp": 0,
    "num_tn": 2857,
    "fp_rate": 0.0010500525026251313,
    "fn_rate": 0,
    "fp_examples": [
      "00028357_025.png",
      "00022139_003.png",
      "00022139_004.png"
    ],
    "fn_examples": [
      "00003392_017.png",
      "00009600_007.png",
      "00015069_001.png",
      "00028642_001.png",
      "00021201_007.png"
    ]
  },
  "Pneumothorax": {
    "num_fp": 35,
    "num_fn": 272,
    "num_tp": 62,
    "num_tn": 2629,
    "fp_rate": 0.013313046785850133,
    "fn_rate": 4.387096774193548,
    "fp_examples": [
      "00025954_032.png",
      "00010384_011.png",
      "00002239_004.png",
      "00014607_006.png",
      "00021552_019.png"
    ],
    "fn_examples": [
      "00006605_022.png",
      "00010752_010.png",
      "00005962_025.png",
      "00003072_014.png",
      "00029863_002.png"
    ]
  },
  "Consolidation": {
    "num_fp": 0,
    "num_fn": 334,
    "num_tp": 0,
    "num_tn": 2664,
    "fp_rate": 0.0,
    "fn_rate": 0,
    "fp_examples": [],
    "fn_examples": [
      "00004808_012.png",
      "00001558_004.png",
      "00013594_018.png",
      "00029809_011.png",
      "00009727_045.png"
    ]
  },
  "Edema": {
    "num_fp": 42,
    "num_fn": 150,
    "num_tp": 32,
    "num_tn": 2774,
    "fp_rate": 0.01514059120403749,
    "fn_rate": 4.6875,
    "fp_examples": [
      "00019363_034.png",
      "00030206_004.png",
      "00023271_021.png",
      "00007885_004.png",
      "00001722_004.png"
    ],
    "fn_examples": [
      "00019513_003.png",
      "00014465_009.png",
      "00003392_017.png",
      "00025062_001.png",
      "00015895_008.png"
    ]
  },
  "Emphysema": {
    "num_fp": 44,
    "num_fn": 130,
    "num_tp": 96,
    "num_tn": 2728,
    "fp_rate": 0.016129032258064516,
    "fn_rate": 1.3541666666666667,
    "fp_examples": [
      "00010384_011.png",
      "00028837_007.png",
      "00025954_027.png",
      "00026132_017.png",
      "00016434_011.png"
    ],
    "fn_examples": [
      "00016410_056.png",
      "00028987_011.png",
      "00015386_002.png",
      "00004808_053.png",
      "00005746_007.png"
    ]
  },
  "Fibrosis": {
    "num_fp": 8,
    "num_fn": 154,
    "num_tp": 7,
    "num_tn": 2829,
    "fp_rate": 0.002827854365500177,
    "fn_rate": 22.0,
    "fp_examples": [
      "00022263_004.png",
      "00008931_000.png",
      "00008547_001.png",
      "00012087_028.png",
      "00022408_002.png"
    ],
    "fn_examples": [
      "00015151_000.png",
      "00006011_001.png",
      "00018151_000.png",
      "00010001_003.png",
      "00016050_000.png"
    ]
  },
  "Pleural_Thickening": {
    "num_fp": 0,
    "num_fn": 277,
    "num_tp": 0,
    "num_tn": 2721,
    "fp_rate": 0.0,
    "fn_rate": 0,
    "fp_examples": [],
    "fn_examples": [
      "00014626_009.png",
      "00006277_000.png",
      "00017618_030.png",
      "00016142_013.png",
      "00029532_014.png"
    ]
  },
  "Hernia": {
    "num_fp": 10,
    "num_fn": 26,
    "num_tp": 24,
    "num_tn": 2938,
    "fp_rate": 0.0034036759700476512,
    "fn_rate": 1.0833333333333333,
    "fp_examples": [
      "00016637_000.png",
      "00008858_008.png",
      "00019271_002.png",
      "00021557_002.png",
      "00029373_004.png"
    ],
    "fn_examples": [
      "00030561_006.png",
      "00009368_008.png",
      "00009368_006.png",
      "00001900_028.png",
      "00012423_000.png"
    ]
  }
}