{
  "model": "resnet50",
  "checkpoint": "checkpoints/resnet50/best_model.pth",
  "metrics": {
    "auroc_mean": 0.779747426074152,
    "auprc_mean": 0.36992862355572764,
    "f1_mean": 0.17882306978590973,
    "hamming_loss": 0.11681597255313066,
    "auroc_per_class": [
      0.750864848455799,
      0.8441731599077846,
      0.8174330255973138,
      0.672404671115348,
      0.7576062330883648,
      0.679618577581376,
      0.6457788588223371,
      0.8518627160094225,
      0.7179379978781177,
      0.8552892420079921,
      0.9062591783830722,
      0.7481220867988886,
      0.7444186611155116,
      0.9246947082767978
    ],
    "auprc_per_class": [
      0.44650895762048226,
      0.29223949087996987,
      0.6367318011187213,
      0.45572762980407594,
      0.37015203535111874,
      0.27016391202402973,
      0.09942762935255021,
      0.4461299009928133,
      0.2379730388441484,
      0.30909999520636927,
      0.5551279908043365,
      0.22378620981757044,
      0.2332857929501895,
      0.6026463450138109
    ],
    "f1_per_class": [
      0.0,
      0.25892857142857145,
      0.2619047619047619,
      0.0,
      0.17117117117117117,
      0.06419753086419754,
      0.025974025974025976,
      0.16623376623376623,
      0.0,
      0.32666666666666666,
      0.37209302325581395,
      0.19289340101522842,
      0.03424657534246575,
      0.6292134831460674
    ]
  },
  "optimal_thresholds": [
    0.09752359241247177,
    0.3387434184551239,
    0.08336282521486282,
    0.05454372242093086,
    0.1705447882413864,
    0.0809774324297905,
    0.08898299932479858,
    0.05332287400960922,
    0.10818049311637878,
    0.22857818007469177,
    0.04357437789440155,
    0.11879017949104309,
    0.11667808145284653,
    0.4848548173904419
  ]
}