{
  "Atelectasis": {
    "num_fp": 3,
    "num_fn": 673,
    "num_tp": 0,
    "num_tn": 2322,
    "fp_rate": 0.0012919896640826874,
    "fn_rate": 0,
    "fp_examples": [
      "00003426_033.png",
      "00016014_018.png",
      "00003426_030.png"
    ],
    "fn_examples": [
      "00014626_009.png",
      "00006214_005.png",
      "00006277_000.png",
      "00016772_004.png",
      "00028784_003.png"
    ]
  },
  "Cardiomegaly": {
    "num_fp": 34,
    "num_fn": 132,
    "num_tp": 29,
    "num_tn": 2803,
    "fp_rate": 0.012129860863360684,
    "fn_rate": 4.551724137931035,
    "fp_examples": [
      "00021490_003.png",
      "00002515_002.png",
      "00006755_000.png",
      "00005814_002.png",
      "00004426_000.png"
    ],
    "fn_examples": [
      "00014626_009.png",
      "00018972_047.png",
      "00004740_000.png",
      "00028027_000.png",
      "00026338_003.png"
    ]
  },
  "Effusion": {
    "num_fp": 37,
    "num_fn": 707,
    "num_tp": 132,
    "num_tn": 2122,
    "fp_rate": 0.017436380772855798,
    "fn_rate": 5.356060606060606,
    "fp_examples": [
      "00016797_003.png",
      "00025261_005.png",
      "00008777_003.png",
      "00016142_013.png",
      "00018175_031.png"
    ],
    "fn_examples": [
      "00013003_015.png",
      "00006214_005.png",
      "00006277_000.png",
      "00025220_000.png",
      "00022416_009.png"
    ]
  },
  "Infiltration": {
    "num_fp": 0,
    "num_fn": 900,
    "num_tp": 0,
    "num_tn": 2098,
    "fp_rate": 0.0,
    "fn_rate": 0,
    "fp_examples": [],
    "fn_examples": [
      "00026505_003.png",
      "00027565_000.png",
      "00020482_056.png",
      "00005808_001.png",
      "00016410_057.png"
    ]
  },
  "Mass": {
    "num_fp": 24,
    "num_fn": 344,
    "num_tp": 38,
    "num_tn": 2592,
    "fp_rate": 0.009259259259259259,
    "fn_rate": 9.052631578947368,
    "fp_examples": [
      "00019373_023.png",
      "00008029_001.png",
      "00001900_024.png",
      "00027465_003.png",
      "00012263_000.png"
    ],
    "fn_examples": [
      "00017618_030.png",
      "00016772_004.png",
      "00022785_000.png",
      "00028027_000.png",
      "00018448_010.png"
    ]
  },
  "Nodule": {
    "num_fp": 10,
    "num_fn": 369,
    "num_tp": 13,
    "num_tn": 2606,
    "fp_rate": 0.003837298541826554,
    "fn_rate": 28.384615384615383,
    "fp_examples": [
      "00028838_001.png",
      "00013499_002.png",
      "00019124_111.png",
      "00025128_005.png",
      "00006308_005.png"
    ],
    "fn_examples": [
      "00028170_000.png",
      "00004808_079.png",
      "00015395_000.png",
      "00018972_018.png",
      "00010203_000.png"
    ]
  },
  "Pneumonia": {
    "num_fp": 14,
    "num_fn": 136,
    "num_tp": 2,
    "num_tn": 2846,
    "fp_rate": 0.004919184820801124,
    "fn_rate": 68.0,
    "fp_examples": [
      "00017941_010.png",
      "00018972_047.png",
      "00018448_012.png",
      "00013594_018.png",
      "00028357_025.png"
    ],
    "fn_examples": [
      "00003392_017.png",
      "00009600_007.png",
      "00015069_001.png",
      "00028642_001.png",
      "00021201_007.png"
    ]
  },
  "Pneumothorax": {
    "num_fp": 19,
    "num_fn": 302,
    "num_tp": 32,
    "num_tn": 2645,
    "fp_rate": 0.007183364839319471,
    "fn_rate": 9.4375,
    "fp_examples": [
      "00025954_032.png",
      "00002239_004.png",
      "00028208_005.png",
      "00008911_003.png",
      "00021840_021.png"
    ],
    "fn_examples": [
      "00006605_022.png",
      "00010752_010.png",
      "00005962_025.png",
      "00003072_014.png",
      "00029863_002.png"
    ]
  },
  "Consolidation": {
    "num_fp": 0,
    "num_fn": 334,
    "num_tp": 0,
    "num_tn": 2664,
    "fp_rate": 0.0,
    "fn_rate": 0,
    "fp_examples": [],
    "fn_examples": [
      "00004808_012.png",
      "00001558_004.png",
      "00013594_018.png",
      "00029809_011.png",
      "00009727_045.png"
    ]
  },
  "Edema": {
    "num_fp": 69,
    "num_fn": 133,
    "num_tp": 49,
    "num_tn": 2747,
    "fp_rate": 0.025118310884601383,
    "fn_rate": 2.7142857142857144,
    "fp_examples": [
      "00017941_010.png",
      "00020326_085.png",
      "00019271_008.png",
      "00023271_021.png",
      "00007885_004.png"
    ],
    "fn_examples": [
      "00014465_009.png",
      "00025062_001.png",
      "00015895_008.png",
      "00014626_012.png",
      "00021201_007.png"
    ]
  },
  "Emphysema": {
    "num_fp": 19,
    "num_fn": 170,
    "num_tp": 56,
    "num_tn": 2753,
    "fp_rate": 0.006901561932437341,
    "fn_rate": 3.0357142857142856,
    "fp_examples": [
      "00010384_011.png",
      "00016434_011.png",
      "00016410_037.png",
      "00029052_002.png",
      "00019052_001.png"
    ],
    "fn_examples": [
      "00016410_056.png",
      "00028987_011.png",
      "00015386_002.png",
      "00004808_053.png",
      "00005746_007.png"
    ]
  },
  "Fibrosis": {
    "num_fp": 17,
    "num_fn": 142,
    "num_tp": 19,
    "num_tn": 2820,
    "fp_rate": 0.006028368794326241,
    "fn_rate": 7.473684210526316,
    "fp_examples": [
      "00005808_000.png",
      "00005605_000.png",
      "00012047_010.png",
      "00008547_001.png",
      "00012094_054.png"
    ],
    "fn_examples": [
      "00006011_001.png",
      "00018151_000.png",
      "00010001_003.png",
      "00016050_000.png",
      "00017682_000.png"
    ]
  },
  "Pleural_Thickening": {
    "num_fp": 10,
    "num_fn": 272,
    "num_tp": 5,
    "num_tn": 2711,
    "fp_rate": 0.0036886757654002213,
    "fn_rate": 54.4,
    "fp_examples": [
      "00014956_013.png",
      "00011955_002.png",
      "00017618_006.png",
      "00002312_006.png",
      "00012094_023.png"
    ],
    "fn_examples": [
      "00014626_009.png",
      "00006277_000.png",
      "00017618_030.png",
      "00016142_013.png",
      "00029532_014.png"
    ]
  },
  "Hernia": {
    "num_fp": 11,
    "num_fn": 22,
    "num_tp": 28,
    "num_tn": 2937,
    "fp_rate": 0.003745318352059925,
    "fn_rate": 0.7857142857142857,
    "fp_examples": [
      "00011768_000.png",
      "00016637_000.png",
      "00012278_000.png",
      "00006138_002.png",
      "00029373_004.png"
    ],
    "fn_examples": [
      "00030561_006.png",
      "00009368_008.png",
      "00009368_006.png",
      "00001900_028.png",
      "00012423_000.png"
    ]
  }
}